id,name__sh,name__en,name__sr_el,name__sr_ec,name__hr,name__es,name__sr,name__pl,name__fr,name__de,name__nl,name__hu,name__ja,name,wikipedia__de,wikipedia__en,wikipedia__fr,wikipedia__hr,wikipedia__pl,wikipedia__sh,wikipedia__sr,image,gender,occupation,identifier__VIAF,birth_date,identifier__freebase,given_name,original_wikiname,name__sv,wikipedia__sv,identifier__EuroparlMEP,name__ru,name__uk,name__cs,name__et,wikipedia__cs,wikipedia__et,wikipedia__ru,wikipedia__uk,name__fi,name__zh,wikipedia__fi,identifier__PACE,name__it,name__nb,name__da,name__nn,wikipedia__hrwikiquote,wikipedia__it,name__sl,name__ie,name__tw,wikipedia__commons,wikipedia__ie,wikipedia__sl,wikipedia__tw,wikipedia__zh,identifier__GND,website,identifier__LCAuth,name__af,name__an,name__ast,name__bar,name__br,name__bs,name__ca,name__co,name__cy,name__eo,name__eu,name__fur,name__ga,name__gd,name__gl,name__gsw,name__is,name__lb,name__li,name__lij,name__lmo,name__lt,name__nap,name__nds,name__nds_nl,name__pcd,name__pms,name__pt,name__rm,name__ro,name__sc,name__scn,name__sco,name__sk,name__sq,name__tr,name__vec,name__vls,name__wa,identifier__SUDOC,identifier__FAST,name__zh_hans,name__fa,name__bm,name__de_at,name__de_ch,name__en_ca,name__en_gb,name__frc,name__frp,name__ia,name__id,name__io,name__jam,name__kab,name__kg,name__lv,name__mg,name__min,name__ms,name__nrm,name__oc,name__pap,name__prg,name__pt_br,name__rgn,name__sw,name__vi,name__vmf,name__vo,name__wo,name__zu,wikipedia__fa,family_name,name__be,wikipedia__be,name__ar,name__el,name__he,name__la,name__hy,wikipedia__ar,wikipedia__cswikiquote,wikipedia__el,wikipedia__eo,wikipedia__es,wikipedia__he,wikipedia__hu,wikipedia__hy,wikipedia__id,wikipedia__la,wikipedia__lb,wikipedia__lmo,wikipedia__no,wikipedia__pt,wikipedia__simple,wikipedia__tr,wikipedia__vi,identifier__Munzinger,death_date,name__mk,wikipedia__bg,identifier__ISNI,name__bg,wikipedia__nl,identifier__parlement,name__ku,wikipedia__ku,wikipedia__bswikiquote,wikipedia__ca,wikipedia__hrwikisource,wikipedia__bs,wikipedia__ja,wikipedia__enwikiquote,name__nan,name__ko,name__yo,name__mn,name__be_tarask,name__ka,wikipedia__be_x_old,wikipedia__da,wikipedia__eu,wikipedia__gl,wikipedia__io,wikipedia__ka,wikipedia__ko,wikipedia__mn,wikipedia__oc,wikipedia__sk,wikipedia__sq,wikipedia__yo,wikipedia__zh_min_nan,identifier__Britannica,name__zh_hant,name__zh_cn,wikipedia__srwikiquote,identifier__IMDB,identifier__NUKAT,facebook,name__bn,wikipedia__bn,wikipedia__lt,wikipedia__lv,wikipedia__mk,wikipedia__nn,identifier__IIAF,twitter,name__uz,identifier__BNF,identifier__NKC,identifier__NLP
Q10853815,Mirando Mrsić,Mirando Mrsić,,,Mirando Mrsić,,,Mirando Mrsić,Mirando Mrsić,Mirando Mrsić,,,,Mirando Mrsić,,Mirando Mrsić,Mirando Mrsić,Mirando Mrsić,Mirando Mrsić,Mirando Mrsić,,https://upload.wikimedia.org/wikipedia/commons/d/d9/M_mrsic.jpg,male,politician,,1959-10-14,,Mirando,Mirando Mrsić,,,,,,,,,,,,,,,,,,,,,,,,,,,,,,,,,,,,,,,,,,,,,,,,,,,,,,,,,,,,,,,,,,,,,,,,,,,,,,,,,,,,,,,,,,,,,,,,,,,,,,,,,,,,,,,,,,,,,,,,,,,,,,,,,,,,,,,,,,,,,,,,,,,,,,,,,,,,,,,,,,,,,,,,,,,,,,,,,,,,,,,,
Q11074254,Biljana Borzan,Biljana Borzan,,,Biljana Borzan,,,Biljana Borzan,Biljana Borzan,Biljana Borzan,Biljana Borzan,,,Biljana Borzan,Biljana Borzan,Biljana Borzan,Biljana Borzan,Biljana Borzan,Biljana Borzan,Biljana Borzan,,,female,politician,,1971-11-29,,Biljana,Biljana Borzan,,,112748,,,,,,,,,,,,,,,,,,,,,,,,,,,,,,,,,,,,,,,,,,,,,,,,,,,,,,,,,,,,,,,,,,,,,,,,,,,,,,,,,,,,,,,,,,,,,,,,,,,,,,,,,,,,,,,,,,,,,,,,,,,,,,,,,,,,,,Biljana Borzan,,,,,,,,,,,,,,,,,,,,,,,,,,,,,,,,,,,,,,,,,,,,,,,
Q11143940,Tihomir Jakovina,Tihomir Jakovina,,,,,,,,,,,,Tihomir Jakovina,,,,,,Tihomir Jakovina,,,male,,,,,Tihomir,Tihomir Jakovina,,,,,,,,,,,,,,,,,,,,,,,,,,,,,,,,,,,,,,,,,,,,,,,,,,,,,,,,,,,,,,,,,,,,,,,,,,,,,,,,,,,,,,,,,,,,,,,,,,,,,,,,,,,,,,,,,,,,,,,,,,,,,,,,,,,,,,,,,,,,,,,,,,,,,,,,,,,,,,,,,,,,,,,,,,,,,,,,,,,,,,,,
Q11655642,Nikola Vuljanić,Nikola Vuljanić,,,Nikola Vuljanić,,,Nikola Vuljanić,Nikola Vuljanić,Nikola Vuljanić,Nikola Vuljanić,,,Nikola Vuljanić,Nikola Vuljanić,Nikola Vuljanić,Nikola Vuljanić,Nikola Vuljanić,Nikola Vuljanić,Nikola Vuljanić,,,male,politician,305507390,1949-06-25,/m/0w5y73s,Nikola,Nikola Vuljanić,,,112760,,,,,,,,,,,,,,,,,,,,,,,,,,,,,,,,,,,,,,,,,,,,,,,,,,,,,,,,,,,,,,,,,,,,,,,,,,,,,,,,,,,,,,,,,,,,,,,,,,,,,,,,,,,,,,,,,,,,,,,,,,,,,,,,,,,,,,,,,,,,,,,,,,,,,,,,,,,,,,,,,,,,,,,,,,,,,,,,,,,,,
Q11685764,Andrej Plenković,Andrej Plenković,,,Andrej Plenković,Andrej Plenković,Andrej Plenković,Andrej Plenković,Andrej Plenković,Andrej Plenković,Andrej Plenković,Andrej Plenković,アンドレイ・,Andrej Plenković,Andrej Plenković,Andrej Plenković,Andrej Plenković,Andrej Plenković,Andrej Plenković,Andrej Plenković,Andrej Plenković,https://upload.wikimedia.org/wikipedia/commons/9/94/Andrej_Plenković_2015_(cropped).jpg,male,politician,305511197,1970-04-08,,Andrej,Andrej Plenković,Andrej Plenković,Andrej Plenković,112755,"Пленкович, Андрей",Андрей Пленкович,Andrej Plenković,,,,"Пленкович, Андрей",Андрей Пленкович,,安德烈·普蘭科維奇,,,Andrej Plenković,Andrej Plenković,Andrej Plenković,Andrej Plenković,,Andrej Plenković,,,,Category:Andrej Plenković,,,,安德烈·普蘭科維奇,1116815389,,,,,,,,,,,,,,,,,Andrej Plenković,,,,,,,,,,,,,Andrej Plenković,,,,,,Andrej Plenković,,,,,,,,,,,,,,,,,,,,,,,,,,,,,,,Andrej Plenković,,,,,,,,,,,,أندريه بلينكوفيتش,,,Andreas Plenković,,أندريه بلينكوفيتش,,,,Andrej Plenković,,Andrej Plenković,,,Andreas Plenković,,,,,,,,,,Андреј Пленковиќ,Андрей Пленкович,0000 0004 2095 9673,Андрей Пленкович,,,,,,,,,,,,,,,,,,,,,,,,,,,,,,,,,,,,,,,,,,,,,,,,
Q1254068,Damir Kajin,Damir Kajin,,,Damir Kajin,,,Damir Kajin,Damir Kajin,Damir Kajin,Damir Kajin,,,Damir Kajin,,Damir Kajin,,Damir Kajin,Damir Kajin,Damir Kajin,,https://upload.wikimedia.org/wikipedia/commons/a/a1/Josipovic_Pusic_Kajin.jpg,male,politician,,1962-02-03,/m/058x23x,Damir,Damir Kajin,,,,,,,,,,,,,,,,,,,,,,,,,,,,,,,,,,,,,,,,,,,,,,,,,,,,,,,,,,,,,,,,,,,,,,,,,,,,,,,,,,,,,,,,,,,,,,,,,,,,,,,,,,,,,,,,,,,,,,,,,,,,,,,,,,,,,,,,,,,,,,,,,,,,,,,,,,,,,,,,,,,,,,,,,,,,,,,,,,,,,,,,
Q1256382,Petar Čobanković,Petar Čobanković,,,Petar Čobanković,,,Petar Čobanković,,,Petar Čobanković,,,Petar Čobanković,,Petar Čobanković,,Petar Čobanković,Petar Čobanković,Petar Čobanković,,https://upload.wikimedia.org/wikipedia/commons/a/a8/Petar_Čobanković_25-06-09.jpg,male,,,1957-01-29,,Petar,Petar Čobanković,,,,,,,,,,,,,,,,,,,,,,,,,,,,,,,,,,,,,,,,,,,,,,,,,,,,,,,,,,,,,,,,,,,,,,,,,,,,,,,,,,,,,,,,,,,,,,,,,,,,,,,,,,,,,,,,,,,,,,,,,,,,,,,,,,,,,,,,,,,,,,,,,,,,,,,,,,,,,,,,,,,,,,,,,,,,,,,,,,,,,,,,
Q1256837,Dragutin Lesar,Dragutin Lesar,,,Dragutin Lesar,,Драгутин Лесар,Dragutin Lesar,Dragutin Lesar,Dragutin Lesar,Dragutin Lesar,,,Dragutin Lesar,,Dragutin Lesar,,Dragutin Lesar,Dragutin Lesar,Dragutin Lesar,Драгутин Лесар,,male,politician,,1956-03-04,/m/0hgnfbl,Dragutin,Драгутин Лесар,,,,,,,,,,,,,,,,,,,,,,,,,,,,,,,,,,,,,,,,,,,,,,,,,,,,,,,,,,,,,,,,,,,,,,,,,,,,,,,,,,,,,,,,,,,,,,,,,,,,,,,,,,,,,,,,,,,,,,,,,,,,,,,,,,,,,,,,,,,,,,,,,,,,,,,,,,,,,,,,,,,,,,,,,,,,,,,,,,,,,,,,
Q1260118,Ruža Tomašić,Ruža Tomašić,,,Ruža Tomašić,,,Ruža Tomašić,Ruža Tomašić,Ruža Tomašić,Ruža Tomašić,,,Ruža Tomašić,Ruža Tomašić,Ruža Tomašić,Ruža Tomašić,Ruža Tomašić,Ruža Tomašić,Ruža Tomašić,,https://upload.wikimedia.org/wikipedia/commons/6/65/Croatian_part-_Citizens’_Corner_debate_on_EU_policies_for_asylum_seekers_and_immigrants_(18432278524)_(cropped).jpg,female,politician,,1958-05-10,/m/0gmcml3,,Ruža Tomašić,,,119431,,Ружа Томашич,,,,,,Ружа Томашич,,,,,,,,,,,,,,,,,,,,,,,,,,,,,,,,,,,,,,,,,,,,,,,,,,,,,,,,,,,,,,,,,,,,,,,,,,,,,,,,,,,,,,,,,,,,,,,,,,,,,,,,,,,,,,,,,,,,,,,,,,,,,,,,,,,,,,,,,,,,,,,,,,,,,,,,,,,,,,,,,,,,,,,,,,,,,
Q1261965,Mirela Holy,Mirela Holy,Mirela Holi,Мирела Холи,Mirela Holy,Mirela Holy,Мирела Холи,Mirela Holy,Mirela Holy,Mirela Holy,Mirela Holy,Mirela Holy,ミレラ・ホリー,Mirela Holy,Mirela Holy,Mirela Holy,Mirela Holy,Mirela Holy,Mirela Holy,Mirela Holy,Мирела Холи,https://upload.wikimedia.org/wikipedia/commons/b/b0/M_holy.jpg,female,politician,305618495,1971-12-15,/m/0hrdg6g,Mirela,Мирела Холи,,,,,,,,,,,,,,,,,,,,,,,,,,,,,,,,,,,,,,,,,,,,,,,,,,,,,,,,,,,,,,,,,,,,,,,,,,,,,,,,,,,,,,,,,,,,,,,,,,,,,,,,,,,,,,,,,,,,,,,,,,,,,,,,,,,,,,,,,,,,,,,,,,,,,,,,,,,,,,,,,,,,,,,,,,,,,,,,,,,,,,,,
Q12628147,Boris Miletić,Boris Miletić,,,Boris Miletić,Boris Miletić,,Boris Miletić,Boris Miletić,Boris Miletić,Boris Miletić,Boris Miletić,,Boris Miletić,,Boris Miletić,,Boris Miletić,Boris Miletić,Boris Miletić,,https://upload.wikimedia.org/wikipedia/commons/9/99/Boris_Miletić.JPG,male,politician,,1975-09-02,,Boris,Boris Miletić,Boris Miletić,Boris Miletić,,,Борис Мілетич,Boris Miletić,Boris Miletić,,,,Борис Мілетич,Boris Miletić,博里斯·米萊蒂奇,,,Boris Miletić,Boris Miletić,Boris Miletić,Boris Miletić,,,Boris Miletić,,,,,,,博里斯·米萊蒂奇,,,,Boris Miletić,Boris Miletić,Boris Miletić,Boris Miletić,Boris Miletić,Boris Miletić,Boris Miletić,Boris Miletić,Boris Miletić,Boris Miletić,Boris Miletić,Boris Miletić,Boris Miletić,Boris Miletić,Boris Miletić,Boris Miletić,Boris Miletić,Boris Miletić,Boris Miletić,Boris Miletić,Boris Miletić,Boris Miletić,Boris Miletić,Boris Miletić,Boris Miletić,Boris Miletić,Boris Miletić,Boris Miletić,Boris Miletić,Boris Miletić,Boris Miletić,Boris Miletić,Boris Miletić,Boris Miletić,Boris Miletić,Boris Miletić,Boris Miletić,Boris Miletić,Boris Miletić,,,,,,,,,,,,,,,,,,,,,,,,,,,,,,,,,,,,,,,,,,,,,,,,,,,,,,,,,,,,,,,,,,,,,,,,,,,,,,,,,,,,,,,,,,,,,,,,,,,,,,,,,,,,,,,,,
Q12629972,,Domagoj Ivan Milošević,,,Domagoj Ivan Milošević,,Домагој Иван Милошевић,Domagoj Ivan Milošević,,,,,,Domagoj Ivan Milošević,,,,Domagoj Ivan Milošević,Domagoj Ivan Milošević,,Домагој Иван Милошевић,,male,economist,,1970-01-05,,,Домагој Иван Милошевић,,,,,,,,,,,,,,,,,,,,,,,,,,,,,,,,,,,,,,,,,,,,,,,,,,,,,,,,,,,,,,,,,,,,,,,,,,,,,,,,,,,,,,,,,,,,,,,,,,,,,,,,,,Milošević,,,,,,,,,,,,,,,,,,,,,,,,,,,,,,,,,,,,,,,,,,,,,,,,,,,,,,,,,,,,,,,,,,,,,,,,,,,,,,
Q12631651,,Gordan Maras,,,Gordan Maras,,Гордан Марас,Gordan Maras,Gordan Maras,Gordan Maras,Gordan Maras,,,Gordan Maras,,Gordan Maras,Gordan Maras,Gordan Maras,Gordan Maras,,Гордан Марас,https://upload.wikimedia.org/wikipedia/commons/9/93/G_maras.jpg,male,politician,,1974-06-13,,Gordan,Gordan Maras,,,,,,,,,,,,,,,,,,,,,,,,,,,,,,,,,,,,,,,,,,,,,,,,,,,,,,,,,,,,,,,,,,,,,,,,,,,,,,,,,,,,,,,,,,,,,,,,,,,,,,,,,,,,,,,,,,,,,,,,,,,,,,,,,,,,,,,,,,,,,,,,,,,,,,,,,,,,,,,,,,,,,,,,,,,,,,,,,,,,,,,,
Q12645873,Zvonimir Mršić,Zvonimir Mršić,,,Zvonimir Mršić,,,,,,,,,Zvonimir Mršić,,Zvonimir Mršić,,Zvonimir Mršić,,Zvonimir Mršić,,,male,,,,,,Zvonimir Mršić,,,,,,,,,,,,,,,,,,,,,,,,,,,,,,,,,,,,,,,,,,,,,,,,,,,,,,,,,,,,,,,,,,,,,,,,,,,,,,,,,,,,,,,,,,,,,,,,,,,,,,,,,,,,,,,,,,,,,,,,,,,,,,,,,,,,,,,,,,,,,,,,,,,,,,,,,,,,,,,,,,,,,,,,,,,,,,,,,,,,,,,,
Q1271876,Ivan Grubišić,Ivan Grubišić,Ivan Grubišić,Иван Грубишић,Ivan Grubišić,,Иван Грубишић,Ivan Grubišić,Ivan Grubišić,Ivan Grubišić,Ivan Grubišić,,,Ivan Grubišić,,Ivan Grubišić,Ivan Grubišić,Ivan Grubišić,Ivan Grubišić,Ivan Grubišić,Иван Грубишић,https://upload.wikimedia.org/wikipedia/commons/5/5c/Grubisic_ivan.jpg,male,politician,21422280,1936-06-20,/m/0hn8mcx,Ivan,Иван Грубишић,,,,,,,,,,,,,,,,,,,,,,,,,,,,,,,,,,,,,,,,,,,,,,,,,,,,,,,,,,,,,,,,,,,,,,,,,,,,,,,,,,,,,,,,,,,,,,,,,,,,,,,,,,,,,,,,,,,,,,,,,,,,,,,,,,,,,,,,,,,,,,,,,,,,,,,,,,,,,,,,,,,,,,,,,,,,,,,,,,,,,,,,
Q1274378,Josip Leko,Josip Leko,Josip Leko,Јосип Леко,Josip Leko,Josip Leko,Јосип Леко,Josip Leko,Josip Leko,Josip Leko,Josip Leko,Josip Leko,,Josip Leko,,Josip Leko,,Josip Leko,Josip Leko,Josip Leko,Јосип Леко,https://upload.wikimedia.org/wikipedia/commons/e/e9/Josip_Leko_par_Claude_Truong-Ngoc_juillet_2013.jpg,male,politician,,1948-09-19,/m/0n5wbcz,Josip,Јосип Леко,Josip Leko,,,,Йосип Леко,Josip Leko,Josip Leko,,,,Йосип Леко,Josip Leko,,,,Josip Leko,Josip Leko,Josip Leko,Josip Leko,,,,Josip Leko,,,,,,,,,,Josip Leko,Josip Leko,Josip Leko,Josip Leko,Josip Leko,,Josip Leko,Josip Leko,Josip Leko,Josip Leko,Josip Leko,Josip Leko,Josip Leko,Josip Leko,Josip Leko,Josip Leko,,Josip Leko,Josip Leko,Josip Leko,,Josip Leko,Josip Leko,Josip Leko,Josip Leko,Josip Leko,Josip Leko,Josip Leko,Josip Leko,Josip Leko,Josip Leko,Josip Leko,Josip Leko,Josip Leko,,Josip Leko,Josip Leko,Josip Leko,Josip Leko,,,,جوزپ لکو,Josip Leko,Josip Leko,Josip Leko,Josip Leko,Josip Leko,Josip Leko,Josip Leko,Josip Leko,Josip Leko,Josip Leko,Josip Leko,Josip Leko,Josip Leko,Josip Leko,Josip Leko,Josip Leko,Josip Leko,Josip Leko,Josip Leko,Josip Leko,Josip Leko,Josip Leko,Josip Leko,Josip Leko,Josip Leko,Josip Leko,Josip Leko,Josip Leko,Josip Leko,جوزپ لکو,Leko,,,,,,,,,,,,,,,,,,,,,,,,,,,,,,,,,,,,,,,,,,,,,,,,,,,,,,,,,,,,,,,,,,,,,,,,,,,,,,
Q1274758,Vladimir Šeks,Vladimir Šeks,Vladimir Šeks,Владимир Шекс,Vladimir Šeks,Vladimir Šeks,Владимир Шекс,Vladimir Šeks,Vladimir Šeks,Vladimir Šeks,Vladimir Šeks,Vladimir Šeks,,Vladimir Šeks,,Vladimir Šeks,,Vladimir Šeks,Vladimir Šeks,Vladimir Šeks,Владимир Шекс,https://upload.wikimedia.org/wikipedia/commons/6/69/Vladimir_Šeks_2009.JPG,male,politician,33111292,1943-01-01,/m/0h7yy_,Vladimir,Владимир Шекс,Vladimir Šeks,,,"Шекс, Владимир",Владимир Шекс,Vladimir Šeks,Vladimir Šeks,,,"Шекс, Владимир",Владимир Шекс,Vladimir Šeks,,,,Vladimir Šeks,Vladimir Šeks,Vladimir Šeks,Vladimir Šeks,,,Vladimir Šeks,,,,,,,,,,,Vladimir Šeks,Vladimir Šeks,Vladimir Šeks,Vladimir Šeks,Vladimir Šeks,Vladimir Šeks,Vladimir Šeks,Vladimir Šeks,Vladimir Šeks,Vladimir Šeks,Vladimir Šeks,Vladimir Šeks,Vladimir Šeks,Vladimir Šeks,Vladimir Šeks,Vladimir Šeks,Vladimir Šeks,Vladimir Šeks,Vladimir Šeks,Vladimir Šeks,Vladimir Šeks,Vladimir Šeks,Vladimir Šeks,Vladimir Šeks,Vladimir Šeks,Vladimir Šeks,Vladimir Šeks,Vladimir Šeks,Vladimir Šeks,Vladimir Šeks,Vladimir Šeks,Vladimir Šeks,Vladimir Šeks,Vladimir Šeks,Vladimir Šeks,Vladimir Šeks,Vladimir Šeks,Vladimir Šeks,Vladimir Šeks,110019792,270725,,ولادیمیر شکس,,,,,,,,,,,,,,,,,,,,,,,,,,,,,,ولادیمیر شکس,,,,,,,,,,,,,Vladimir Šeks,,,,,,,,,,,,,,,,,0000 0000 5526 4485,,,,,,Vladimir Šeks,Vladimir Šeks,,,,,,,,,,,,,,,,,,,,,,,,,,,,,,,,,,,,,,,,,,
Q12752142,Ivan Pernar,Ivan Pernar,,,,,Иван Пернар,,,,,,,Ivan Pernar,,Ivan Pernar (Croatian politician),,,,Ivan Pernar (hrvatski političar),Иван Пернар (р. 1985),,male,politician,,1985-10-14,,,Ivan Pernar (Croatian politician),,,,,,,,,,,,,,,,,,,,,,,,,,,,,,,,,,,,,,,,,,,,,,,,,,,,,,,,,,,,,,,,,,,,,,,,,,,,,,,,,,,,,,,,,,,,,,,,,,,,,,,,,,,,,,,,,,,,,,,,,,,,,,,,,,,,,,,,,,,,,,,,,,,,,,,,,,,,,,,,,,,,,,,,,,,,,,,,,,,,,,,,
Q1279604,Jasen Mesić,Jasen Mesić,,,Jasen Mesić,Jasen Mesić,,Jasen Mesić,Jasen Mesić,Jasen Mesić,Jasen Mesić,Jasen Mesić,,Jasen Mesić,Jasen Mesić,Jasen Mesić,Jasen Mesić,Jasen Mesić,Jasen Mesić,Jasen Mesić,,,male,politician,310508744,1972-06-11,/m/05syt1f,,Jasen Mesić,Jasen Mesić,,,,,,,,,,,,,,,Jasen Mesić,Jasen Mesić,Jasen Mesić,Jasen Mesić,,Jasen Mesić,,,,,,,,,105494573X,,,,,,,,,,,,,,,,,,,,,,,,,,,,,,,,,,,,,,,,,,,,,,,,,,,,,,,,,,,,,,,,,,,,,,,,,,,,,,,,,,,,,,,,,,,,,,,,,,,,,,,,,,,,,,,,,,,,,,,,,,,,,,,,,,,,,,,,,,,,,,,,,,,,,,,,,,
Q1279988,Vesna Škare-Ožbolt,Vesna Škare-Ožbolt,,,Vesna Škare-Ožbolt,,,Vesna Škare-Ožbolt,Vesna Škare-Ožbolt,,Vesna Škare-Ožbolt,,ヴェスナ・シュカレ＝オジュボルト,Vesna Škare-Ožbolt,,Vesna Škare-Ožbolt,,Vesna Škare-Ožbolt,Vesna Škare-Ožbolt,Vesna Škare-Ožbolt,,https://upload.wikimedia.org/wikipedia/commons/d/da/Vesna_Škare-Ožbolt.jpg,female,politician,,1961-06-20,/m/04m_tf1,Vesna,Vesna Škare-Ožbolt,,,,,,,,,,,,,,,,,,,,,,Vesna Škare-Ožbolt,,,,,Vesna Škare-Ožbolt,,,,,,,,,,,Vesna Škare-Ožbolt,,,,,,,,,,,,,,,,,,,,,,,,,,,,,,,,,,,,,,,,,,,,,,,,,,,,,,,,,,,,,,,,,,,,,,,,,,,,,,,,,,,,,,,,,,,,,,,,,,,,,,,Vesna Škare-Ožbolt,,,,ヴェスナ・シュカレ＝オジュボルト,,,,,,,,,,,,,,,,,,,,,,,,,,,,,,,,,,,,,,,
Q1285099,Radimir Čačić,Radimir Čačić,,,Radimir Čačić,Radimir Čačić,,Radimir Čačić,Radimir Čačić,Radimir Čačić,Radimir Čačić,Radimir Čačić,,Radimir Čačić,Radimir Čačić,Radimir Čačić,Radimir Čačić,Radimir Čačić,Radimir Čačić,Radimir Čačić,,https://upload.wikimedia.org/wikipedia/commons/4/41/R_cacic.jpg,male,politician,305564397,1949-05-11,/m/068zlv,,Radimir Čačić,Radimir Čačić,Radimir Čačić,,"Чачич, Радимир",Радимир Чачич,,,,,"Чачич, Радимир",Радимир Чачич,,,,,Radimir Čačić,Radimir Čačić,Radimir Čačić,Radimir Čačić,Radimir Čačić,Radimir Čačić,,,,,,,,,,,,,,,,,,,,,,,,,,,,,,,,,,,,,,,,,,,,,,,,,,,,,,,,,,,,,,,,,,,,,,,,,,,,,,,,,,,,,,,,,,,,,,,,,,,,,,,,,,,,,,,,,,,,,,,,,,,,,,,,,,,,,,,,,,,,,,,,,,,,,,,,,,,,,,,,,,,
Q12956737,Davor Ivo Stier,Davor Ivo Stier,,,Davor Stier,,,Davor Stier,Davor Ivo Stier,Davor Stier,Davor Ivo Stier,,,Davor Stier,Davor Stier,Davor Ivo Stier,Davor Ivo Stier,Davor Ivo Stier,Davor Ivo Stier,Davor Ivo Stier,,https://upload.wikimedia.org/wikipedia/commons/6/63/Davor_Stier.JPG,male,politician,,1972-01-06,,Davor,Davor Ivo Stier,Davor Ivo Stier,Davor Ivo Stier,119435,,,,,,,,,,,,,,,,,Davor Ivo Stier,,,,,,,,,,,,,,,,,,,,,,,,,,,,,,,,,,,,,,,,,,,,,,,,,,,,,,,,,,,,,,,,,,,,,,,,,,,,,,,,,,,,,,,,,,,,Davor Ivo Stier,,,,,,,,,,,Davor Ivo Stier,,,,,,,,,,,,,,,,,,,,,,,Davor Ivo Stier,,,,,,,,,,,,,,,,,,,,,,,,,,,,,,,,,,,,,,
Q12958427,Mihael Zmajlović,Mihael Zmajlović,,,,,Михаел Змајловић,Mihael Zmajlović,Mihael Zmajlović,,Mihael Zmajlović,,,Mihael Zmajlović,,Mihael Zmajlović,Mihael Zmajlović,,Mihael Zmajlović,Mihael Zmajlović,Михаел Змајловић,https://upload.wikimedia.org/wikipedia/commons/3/37/Zmajlovic.jpg,male,politician,,1978-01-19,,Mihael,Михаел Змајловић,,,,,,,,,,,,,,,,,,,,,,,,,,,,,,,,,,,,,,,,,,,,,,,,,,,,,,,,,,,,,,,,,,,,,,,,,,,,,,,,,,,,,,,,,,,,,,,,,,,,,,,,,,,,,,,,,,,,,,,,,,,,,,,,,,,,,,,,,,,,,,,,,,,,,,,,,,,,,,,,,,,,,,,,,,,,,,,,,,,,,,,,
Q1337804,Gordan Jandroković,Gordan Jandroković,,,Gordan Jandroković,,,Gordan Jandroković,Gordan Jandroković,Gordan Jandroković,Gordan Jandroković,,ゴルダン・ヤンドロコヴィッチ,Gordan Jandroković,Gordan Jandroković,Gordan Jandroković,Gordan Jandroković,Gordan Jandroković,Gordan Jandroković,Gordan Jandroković,,https://upload.wikimedia.org/wikipedia/commons/d/d4/Gordan_Jandroković_25-06-09.jpg,male,diplomat,,1967-08-02,/m/03hn5q9,Gordan,Gordan Jandroković,Gordan Jandroković,Gordan Jandroković,,"Яндрокович, Гордан",Гордан Яндрокович,,,,,"Яндрокович, Гордан",Гордан Яндрокович,Gordan Jandroković,戈爾丹·揚德羅科維奇,Gordan Jandroković,7238,,,,,,,,,,,,,,,,,,,,,,,,,,,,,,,,,,,,,,,,,,,,,,,,,,,,,,,,,,,,,,,,,,,,,,,,,,,,,,,,,,,,,,,,,,,,,,,,,,,,,,,,,,,,,,,,,,,,,,,,,,,,,,,,,,,,,,,,,,,,,,,,,,,,,,,,,,,,,,,,,,,,,,,,,
Q13566355,,Vojislav Stanimirović,,,Vojislav Stanimirović,Vojislav Stanimirović,Војислав Станимировић,Vojislav Stanimirović,Vojislav Stanimirović,Vojislav Stanimirović,Vojislav Stanimirović,Vojislav Stanimirović,ヴォイスラヴ・スタニミロヴィッチ,Vojislav Stanimirović,,Vojislav Stanimirović (politician),,Vojislav Stanimirović,,,Војислав Станимировић,https://upload.wikimedia.org/wikipedia/commons/6/67/Stanimirovic.jpg,male,,,1953-08-19,,Vojislav,Војислав Станимировић,Vojislav Stanimirović,,,,,Vojislav Stanimirović,Vojislav Stanimirović,,,,,Vojislav Stanimirović,,,,Vojislav Stanimirović,Vojislav Stanimirović,Vojislav Stanimirović,Vojislav Stanimirović,,,Vojislav Stanimirović,,,,,,,,,,,Vojislav Stanimirović,Vojislav Stanimirović,Vojislav Stanimirović,Vojislav Stanimirović,Vojislav Stanimirović,Vojislav Stanimirović,Vojislav Stanimirović,Vojislav Stanimirović,Vojislav Stanimirović,Vojislav Stanimirović,Vojislav Stanimirović,Vojislav Stanimirović,Vojislav Stanimirović,Vojislav Stanimirović,Vojislav Stanimirović,Vojislav Stanimirović,Vojislav Stanimirović,Vojislav Stanimirović,Vojislav Stanimirović,Vojislav Stanimirović,Vojislav Stanimirović,Vojislav Stanimirović,Vojislav Stanimirović,Vojislav Stanimirović,Vojislav Stanimirović,Vojislav Stanimirović,Vojislav Stanimirović,Vojislav Stanimirović,Vojislav Stanimirović,Vojislav Stanimirović,Vojislav Stanimirović,Vojislav Stanimirović,Vojislav Stanimirović,Vojislav Stanimirović,Vojislav Stanimirović,Vojislav Stanimirović,Vojislav Stanimirović,Vojislav Stanimirović,Vojislav Stanimirović,,,,,,,,,,,,,,,,,,,,,,,,,,,,,,,,,,,,,,,,,,,,,,,,,,,,,,,,,,,,,,,,,,,,,,,,,,,,,,,,,,,,,,,,,,,,,,,,,,,,,,,,,,,,,,,,,
Q1560823,Božidar Kalmeta,Božidar Kalmeta,,,Božidar Kalmeta,,,,Božidar Kalmeta,Božidar Kalmeta,Božidar Kalmeta,,,Božidar Kalmeta,,Božidar Kalmeta,,Božidar Kalmeta,,Božidar Kalmeta,,https://upload.wikimedia.org/wikipedia/commons/d/d8/Božidar_Kalmeta.jpg,male,politician,,1958-01-15,,Božidar,Božidar Kalmeta,,,,,Божидар Калмета,,,,,,Божидар Калмета,,,,,,,,,,,,,,,,,,,,,,,,,,,,,,,,,,,,,,,,,,,,,,,,,,,,,,,,Bozhidar Kallmeta,,,,,,,,,,,,,,,,,,,,,,,,,,,,,,,,,,,,,,,,,,,,,,,,,,,,,,,,,,,,,,,,,,,,,,,,,,,,,,,,,,,,,,,,,,,,,,,,Bozhidar Kallmeta,,,,,,,,,,,,,,,,,,,,,
Q1565019,Krešimir Bubalo,Krešimir Bubalo,,,Krešimir Bubalo,,,,Krešimir Bubalo,Krešimir Bubalo,Krešimir Bubalo,,,Krešimir Bubalo,,Krešimir Bubalo,,Krešimir Bubalo,,Krešimir Bubalo,,,male,politician,,1973-11-05,,Krešimir,Krešimir Bubalo,,,,,,,,,,,,,,,,,,,,,,,,,,,,,,,,,,,,,,,,,,,,,,,,,,,,,,,,,,,,,,,,,,,,,,,,,,,,,,,,,,,,,,,,,,,,,,,,,,,,,,,,,,,,,,,,,,,,,,,,,,,,,,,,,,,,,,,,,,,,,,,,,,,,,,,,,,,,,,,,,,,,,,,,,,,,,,,,,,,,,,,,
Q16111501,Anka Mrak Taritaš,Anka Mrak Taritaš,,,Anka Mrak Taritaš,,,Anka Mrak-Taritaš,Anka Mrak Taritaš,Anka Mrak Taritaš,,,,Anka Mrak Taritaš,,Anka Mrak Taritaš,,Anka Mrak Taritaš,Anka Mrak-Taritaš,Anka Mrak Taritaš,,,female,architect,,1959-11-24,,Anka,Anka Mrak Taritaš,,,,,,,,,,,,,,,,,,,,,,,,,,,,,,,,,,,,,,,,,,,,,,,,,,,,,,,,,,,,,,,,,,,,,,,,,,,,,,,,,,,,,,,,,,,,,,,,,,,,,,,,,,,,,,,,,,,,,,,,,,,,,,,,,,,,,,,,,,,,,,,,,,,,,,,,,,,,,,,,,,,,,,,,,,,,,,,,,,,,,Anka Mrak Taritaš,,,
Q16114858,Božo Petrov,Božo Petrov,,,Božo Petrov,,,Božo Petrov,Božo Petrov,,,,,Božo Petrov,,Božo Petrov,Božo Petrov,Božo Petrov,Božo Petrov,Božo Petrov,,https://upload.wikimedia.org/wikipedia/commons/6/66/PetrovBožo.png,male,politician,,1979-10-16,,Božo,Božo Petrov,Božo Petrov,Božo Petrov,,Божо Петров,Божо Петров,,,,,,Божо Петров,,波佐·佩特羅夫,,,Božo Petrov,,,,,Božo Petrov,,Božo Petrov,,,Božo Petrov,,,波佐·佩特羅夫,,,,,,,,,,,,,,,,,,,,,,,,,,,,,,,,,,,,,,,,,,,,,,,,,,,,,,,,,,,,,,,,,,,,,,,,,,,,,,,,,,,,,,,,,,,,,,,,,,,,,,,,,,,,,,,,,,,,,,,,,,,,,,,,,,,,,,,,,,,,,,,,,,,,,,,,,,,
Q16115028,,Ingrid Antičević-Marinović,,,Ingrid Antičević-Marinović,,,,,,,,,Ingrid Antičević-Marinović,,Ingrid Antičević-Marinović,,Ingrid Antičević-Marinović,,,,https://upload.wikimedia.org/wikipedia/commons/c/c0/Ingrid_Antičević_Marinović.jpg,female,,,1957-10-04,,Ingrid,Ingrid Antičević-Marinović,,,,,,,,,,,,,,,,,,,,,,,,,,,,,,,,,,,,,,,,,,,,,,,,,,,,,,,,,,,,,,,,,,,,,,,,,,,,,,,,,,,,,,,,,,,,,,,,,,,,,,,,,,,,,,,,,,,,,,,,,,,,,,,,,,,,,,,,,,,,,,,,,,,,,,,,,,,,,,,,,,,,,,,,,,,,,,,,,,,,,,,,
Q16115922,,Krešo Beljak,,,Krešo Beljak,,,Krešo Beljak,,,,,,Krešo Beljak,,Krešo Beljak,,Krešo Beljak,Krešo Beljak,,,https://upload.wikimedia.org/wikipedia/commons/a/a0/Krešo_Beljak.jpg,male,,,1971-08-22,,Krešo,Krešo Beljak,,,,,,,,,,,,,,,,,,,,,,,,,,,,,,,,,,,,,,,,,,,,,,,,,,,,,,,,,,,,,,,,,,,,,,,,,,,,,,,,,,,,,,,,,,,,,,,,,,,,,,,,,,,,,,,,,,,,,,,,,,,,,,,,,,,,,,,,,,,,,,,,,,,,,,,,,,,,,,,,,,,,,,,,,,,,,,,,,,,,,,,,
Q16186424,Stipe Petrina,Stipe Petrina,,,,,,,Stipe Petrina,Stipe Petrina,,,,Stipe Petrina,,Stipe Petrina,,,,Stipe Petrina,,,male,,,1954-10-05,,Stipe,Stipe Petrina,,,,,,,,,,,,,,,,Stipe Petrina,,,,,,,,,,,,,,,,,,,,,,,,,,,,,,,,,,,,,,,,,,,,,,,,,,,,,,,,,,,,,,,,,,,,,,,,,,,,,,,,,,,,,,,,,,,,,,,,,,,,,,,,,,,,,,,,,,,,,,,,,,,,,,,,,,,,,,,,,,,,,,,,,,,,,,,,,,,,,,,,,,,,,,,,
Q16324522,Ivan Vrdoljak,Ivan Vrdoljak,,,Ivan Vrdoljak,,,Ivan Vrdoljak,Ivan Vrdoljak,Ivan Vrdoljak,Ivan Vrdoljak,,,Ivan Vrdoljak,,Ivan Vrdoljak,Ivan Vrdoljak,Ivan Vrdoljak,Ivan Vrdoljak,Ivan Vrdoljak,,https://upload.wikimedia.org/wikipedia/commons/e/ee/I_vrdoljak.jpg,male,politician,,1972-06-22,,Ivan,Ivan Vrdoljak,,,,,,,,,,,,,,,,,,,,,,,,,,,,,,,,,,,,,,,,,,,,,,,,,,,,,,,,,,,,,,,,,,,,,,,,,,Ivan Vrdoljak,,,,,,,,,,,,,,,,,,,,,,,,,,,,,,,,,,,,,,,,,,,,,,,,,,,,,,,,,,,,,,,,,,,,,,,,,,,,,,,,,,,,,,,,,,,,,,,,,,,,,,,,,,,,,,
Q165463,Branko Grčić,Branko Grčić,,,Branko Grčić,Branko Grčić,Бранко Грчић,Branko Grčić,Branko Grčić,Branko Grčić,Branko Grčić,,,Branko Grčić,Branko Grčić,Branko Grčić,Branko Grčić,Branko Grčić,Branko Grčić,Branko Grčić,Бранко Грчић,https://upload.wikimedia.org/wikipedia/commons/0/0d/B_grcic.jpg,male,economist,197294679,1964-04-16,/m/0hr1g4t,Branko,Бранко Грчић,,,,,Бранко Грчич,,,,,,Бранко Грчич,,,,,,,,,,,,,,,,,,,171608119,,,,,,,,,,,,,,,,,,,,,,,,,,,,,,,,,,,,,,,,,,,,,,,,,,,,,,,,,,,,,,,,,,,,,,,,,,,,,,,,,,,,,,,,,,,,,,,,,,,,,,,,,,,,,,,,,,,,,,,,,,,,,,,,,,,,,,,,,,,,,,,,,,,,,,,,,,
Q16633707,Nevenka Bečić,Nevenka Bečić,,,,,,,,,,,,Nevenka Bečić,,Nevenka Bečić,,,,Nevenka Bečić,,,female,,,1958-03-05,,,Nevenka Bečić,,,,,,,,,,,,,,,,,,,,,,,,,,,,,,,,,,,,,,,,,,,,,,,,,,,,,,,,,,,,,,,,,,,,,,,,,,,,,,,,,,,,,,,,,,,,,,,,,,,,,,,,,,,,,,,,,,,,,,,,,,,,,,,,,,,,,,,,,,,,,,,,,,,,,,,,,,,,,,,,,,,,,,,,,,,,,,,,,,,,,,,,
Q16676927,,Siniša Hajdaš Dončić,,,,,,Siniša Hajdaš Dončić,Siniša Hajdaš Dončić,Siniša Hajdaš Dončić,Siniša Hajdaš Dončić,,,Siniša Hajdaš Dončić,,Siniša Hajdaš Dončić,Siniša Hajdaš Dončić,,Siniša Hajdaš Dončić,,,,male,politician,,1974-06-29,,Siniša,Siniša Hajdaš Dončić,,,,,,,,,,,,,,,,,,,,,,,,,,,,,,,,,,,,,,,,,,,,,,,,,,,,,,,,,,,,,,,,,,,,,,,,,,,,,,,,,,,,,,,,,,,,,,,,,,,,,,,,,,,,,,,,,,,,,,,,,,,,,,,,,,,,,,,,,,,,,,,,,,,,,,,,,,,,,,,,,,,,,,,,,,,,,,,,,,,,,,,,
Q17275529,Silvano Hrelja,Silvano Hrelja,,,Silvano Hrelja,,,Silvano Hrelja,,,,,,Silvano Hrelja,,Silvano Hrelja,,Silvano Hrelja,Silvano Hrelja,Silvano Hrelja,,https://upload.wikimedia.org/wikipedia/commons/8/8f/Kukuriku.jpg,male,,,1958-03-14,,Silvano,Silvano Hrelja,,,,,,,,,,,,,,,,,,,,,,,,,,,,,,,,,,,,,,,,,,,,,,,,,,,,,,,,,,,,,,,,,,,,,,,,,,,,,,,,,,,,,,,,,,,,,,,,,,,,,,,,,,,,,,,,,,,,,,,,,,,,,,,,,,,,,,,,,,,,,,,,,,,,,,,,,,,,,,,,,,,,,,,,,,,,,,,,,,,,,,,,
Q20525090,Drago Prgomet,Drago Prgomet,,,Drago Prgomet,,Драго Пргомет,Drago Prgomet,,,,,,Drago Prgomet,,Drago Prgomet,,Drago Prgomet,Drago Prgomet,Drago Prgomet,Драго Пргомет,,male,,,1965-05-23,,,Drago Prgomet,,,,,,,,,,,,,,,,,,,,,,,,,,,,,,,,,,,,,,,,,,,,,,,,,,,,,,,,,,,,,,,,,,,,,,,,,,,,,,,,,,,,,,,,,,,,,,,,,,,,,,,,,,,,,,,,,,,,,,,,,,,,,,,,,,,,,,,,,,,,,,,,,,,,,,,,,,,,,,,,,,,,,,,,,,,,,,,,,,,,,,,,
Q20525506,,Siniša Varga,,,Siniša Varga,,,Siniša Varga,Siniša Varga,,Siniša Varga,,,Siniša Varga,,Siniša Varga,Siniša Varga,Siniša Varga,Siniša Varga,,,https://upload.wikimedia.org/wikipedia/commons/c/cb/Siniša_Varga.jpg,male,dentist,,1965-08-24,,Siniša,Siniša Varga,,,,,,,,,,,,,,,,,,,,,,,,,,,,,,,,,,,,,,,,,,,,,,,,,,,,,,,,,,,,,,,,,,,,,,,,,,,,,,,,,,,,,,,,,,,,,,,,,,,,,,,,,,,,,,,,,,,,,,,,,,,,,,,,,,,,,,,,,,,,,,,,,,,,,,,,,,,,,,,,,,,,,,,,,,,,,,,,,,,,,,,,
Q20525725,Zlatko Hasanbegović,Zlatko Hasanbegović,,,Zlatko Hasanbegović,,,Zlatko Hasanbegović,Zlatko Hasanbegović,Zlatko Hasanbegović,Zlatko Hasanbegović,,,Zlatko Hasanbegović,Zlatko Hasanbegović,Zlatko Hasanbegović,Zlatko Hasanbegović,Zlatko Hasanbegović,Zlatko Hasanbegović,Zlatko Hasanbegović,,https://upload.wikimedia.org/wikipedia/commons/7/7b/ZlatkoHasanbegovic_final.jpg,male,historian,7162442,1973-06-14,,Zlatko,Zlatko Hasanbegović,,,,,Златко Гасанбегович,Zlatko Hasanbegović,,,,,Златко Гасанбегович,,,,,,,,,,,,Zlatko Hasanbegović,,,Zlatko Hasanbegović,,,,,,no2007023300,,,,,,,,,,,,,,,,,,,,,,,,,,,,,,,,,,Zlatko Hasanbegović,,,,,,120276593,,,,,,,,,,,,,,,,,,,,,,,,,,,,,,,,,,,,,,,,,,,,,,,,,,,,,,,,,,,,,,,0000 0000 6665 1958,,,,,,,,,,,,,,,,,,,,,,,,,,,,,,,,,,,,,,,,,,,,,,,159215651,js2015884894,A3235762X
Q21064401,,Nansi Tireli,,,,,,Nansi Tireli,,,Nansi Tireli,,,Nansi Tireli,,Nansi Tireli,,,Nansi Tireli,,,https://upload.wikimedia.org/wikipedia/commons/8/80/Nansi_Tireli.jpg,female,,,1965-02-26,,,Nansi Tireli,,,,,,,,,,,,,,,,,,,,,,,,,,,,,,,,,,,,,,,,,,,,,,,,,,,,,,,,,,,,,,,,,,,,,,,,,,,,,,,,,,,,,,,,,,,,,,,,,,,,,,,,,,,,,,,,,,,,,,,,,,,,,,,,,,,,,,,,,,,,,,,,,,,,,,,,,,,,,,,,,,,,,,,,,,,,,,,,,,,,,,,,
Q22160025,Miro Kovač,Miro Kovač,,,Miro Kovač,Miro Kovač,,Miro Kovač,Miro Kovač,Miro Kovač,Miro Kovač,,,Miro Kovač,Miro Kovač,Miro Kovač,Miro Kovač,Miro Kovač,Miro Kovač,Miro Kovač,,https://upload.wikimedia.org/wikipedia/commons/8/8a/Miro_Kovač.JPG,male,,7619139,1968-09-20,,,Miro Kovač,Miro Kovač,Miro Kovač,,,Міро Ковач,,,,,,Міро Ковач,,,,,,,,,,,,Miro Kovač,Miro Kovač,Category:Miro Kovač,Miro Kovač,,Miro Kovač,,,,n2001153021,,,,,,,,,,,,,,,,,,,,,,,,,,,,Miro Kovač,,,,,,,,,,,,,,,,,,,,,,,,,,,,,,,,,,,,,,,,,,,,,,,,,,,,Miro Kovač,,,,,,,,,,,Miro Kovač,,,,,,,,,,,,,,Miro Kovač,,,,,,,,,,,,,,,,,,,,,,,,,,,,,,,,,,,,,,,,,,,,,,,
Q22916435,Robert Podolnjak,Robert Podolnjak,,,,,,,Robert Podolnjak,,Robert Podolnjak,,,Robert Podolnjak,,Robert Podolnjak,,,,Robert Podolnjak,,https://upload.wikimedia.org/wikipedia/commons/0/08/Robert_Podolnjak.JPG,male,lawyer,,1958-06-03,,Robert,Robert Podolnjak,,,,,,,,,,,,,,,,,,,,,,,,,,,,,,,,,,,,,,,,,,,,,,,,,,,,,,,,,,,,,,,,,,,,,,,,,,,,,,,,,,,,,,,,,,,,,,,,,,,,,,,,,,,,,,,,,,,,,,,,,,,,,,,,,,,,,,,,,,,,,,,,,,,,,,,,,,,,,,,,,,,,,,,,,,,,,,,,,,,,,,,,
Q2351745,,Arsen Bauk,Arsen Bauk,Арсен Баук,Arsen Bauk,Arsen Bauk,Арсен Баук,Arsen Bauk,Arsen Bauk,Arsen Bauk,Arsen Bauk,Arsen Bauk,,Arsen Bauk,,Arsen Bauk,,,Arsen Bauk,,Арсен Баук,https://upload.wikimedia.org/wikipedia/commons/8/80/Arsen_Bauk.jpg,male,politician,,1973-02-07,/m/0hrhwzp,Arsen,Арсен Баук,,,,Арсен Баук,Арсен Баук,,,,,"Баук, Арсен",Арсен Баук,,,,,,,,,,,,,,,,,,,,,,,,,,,,,,,,,,,,,,,,,,,,,,,,,,,,,,,,,,,,,,,,,,,,,,,,,,,,,,,,,,,,,,,,,,,,,,,,,,,,,,,,,,,,,,,,,,,,,,,,,,,,,,,,,,,,,,,,,,,,,,,,,,,,,,,,,,,,,,,,,,,,,,,,,,,,,
Q23908896,,Đuro Popijač,,,,,,,,,Đuro Popijač,,,Đuro Popijač,,Đuro Popijač,,,,,,,male,,305582749,1959-04-23,,,Đuro Popijač,,,,,,,,,,,,,,,,,,,,,,,,,,,,,,,,,,,,,,,,,,,,,,,,,,,,,,,,,,,,,,,,,,,,,,,,,,,,,,,,,,,,,,,,,,,,,,,,,,,,,,,,,,,,,,,,,,,,,,,,,,,,,,,,,,,,,,,,,,,,,,,,,,,,,,,,,,,,,,,,,,,,,,,,,,,,,,,,,,,,,,,,
Q24055475,,Peđa Grbin,,,,,,,,,Peđa Grbin,,,Peđa Grbin,,Peđa Grbin,,,,,,,male,,,1979-05-24,,,Peđa Grbin,,,,,,,,,,,,,,,,,,,,,,,,,,,,,,,,,,,,,,,,,,,,,,,,,,,,,,,,,,,,,,,,,,,,,,,,,,,,,,,,,,,,,,,,,,,,,,,,,,,,,,,,,,,,,,,,,,,,,,,,,,,,,,,,,,,,,,,,,,,,,,,,,,,,,,,,,,,,,,,,,,,,,,,,,,,,,,,,,,,,,,,,
Q25043794,,Srđan Gjurković,,,,,,,,,,,,Srđan Gjurković,,Srđan Gjurković,,,,,,,male,politician,,1964-09-25,,Srđan,Srđan Gjurković,,,,,,,,,,,,,,,,,,,,,,,,,,,,,,,,,,,,,,,,,,,,,,,,,,,,,,,,,,,,,,,,,,,,,,,,,,,,,,,,,,,,,,,,,,,,,,,,,,,,,,,,,,,,,,,,,,,,,,,,,,,,,,,,,,,,,,,,,,,,,,,,,,,,,,,,,,,,,,,,,,,,,,,,,,,,,,,,,,,,,,,,
Q2590916,Milorad Pupovac,Milorad Pupovac,Milorad Pupovac,Милорад Пуповац,Milorad Pupovac,Milorad Pupovac,Милорад Пуповац,Milorad Pupovac,Milorad Pupovac,,Milorad Pupovac,Milorad Pupovac,,Milorad Pupovac,,Milorad Pupovac,,Milorad Pupovac,Milorad Pupovac,Milorad Pupovac,Милорад Пуповац,https://upload.wikimedia.org/wikipedia/commons/d/dd/Pupovac.jpg,male,politician,65546297,1955-11-05,/m/0h1bsb9,Milorad,Милорад Пуповац,,,,"Пуповац, Милорад",,,,,,"Пуповац, Милорад",,,,,,,,,,,,,,,,,,,,,,n88020375,,,,,,,,,,,,,,,,,,,,,,,,,,,,,,,,,,,,,,,,072861274,1483826,,,,,,,,,,,,,,,,,,,,,,,,,,,,,,,,,Pupovac,,,,,,,,,,,,,,,,,,,,,,,,,,,,,0000 0000 2750 2810,,,,,,,,,,,,,,,,,,,,,,,,,,,,,,,,,,Милорад Пуповац,nm1301801,n2012146507,Dr-Milorad-Pupovac-284379738398650,,,,,,,,,,,,
Q2617559,Tonino Picula,Tonino Picula,,,Tonino Picula,Tonino Picula,,Tonino Picula,Tonino Picula,Tonino Picula,Tonino Picula,Tonino Picula,,Tonino Picula,Tonino Picula,Tonino Picula,Tonino Picula,Tonino Picula,Tonino Picula,Tonino Picula,,https://upload.wikimedia.org/wikipedia/commons/e/e8/Tonino_picula.jpg,male,politician,305532359,1961-08-31,/m/02rrjqh,Tonino,Tonino Picula,Tonino Picula,Tonino Picula,112744,"Пицула, Тонино",Тоніно Піцула,,,,,"Пицула, Тонино",Тоніно Піцула,Tonino Picula,,Tonino Picula,,,Tonino Picula,Tonino Picula,Tonino Picula,,,,,,,,,,,,,,,,,,,,,,,,,,,,,,,,,,,,,,,,,,,,,,,,,,,,,,,,,,,,,,,,,,,,,,,,,,,,,,,,,,,,,,,,Таніна Піцула,Таніна Піцула,,,,,,,,,,,,,,,,,,,,,,,,,,,,,,,,,,,,,,,,,,,,,,,,,,,,,,,,,,,,,,,,,,,,,,,,,,,,
Q2618434,Josip Friščić,Josip Friščić,,,Josip Friščić,Josip Friščić,,Josip Friščić,Josip Friščić,Josip Friščić,Josip Friščić,Josip Friščić,,Josip Friščić,,Josip Friščić,Josip Friščić,Josip Friščić,Josip Friščić,Josip Friščić,,https://upload.wikimedia.org/wikipedia/commons/d/da/Josip_Friščić_25-06-09.jpg,male,politician,,1949-08-15,/m/04lfc59,Josip,Josip Friščić,,,,"Фришчич, Иосип",Йосип Фрішчич,,,,,"Фришчич, Иосип",Йосип Фрішчич,,,,,Josip Friščić,,,,,,,,,Category:Josip Friščić,,,,,,,,,,,,,,,,,,,,,,,,,,,,,,,,,,,,,,,,,,,Josip Friscic,,,,,,,,,,,,,,,,,,,,,,,,,,,,,,,,,,,,,,,,,,,,,,,,,,,,,,,,,,,,Josip Friščić,Josip Friscic,,,2016-01-23,,,,,,,,,,,,,,,,,,,,,,,,,,,,,,,,,,,,,,,,,,,,,,,,,,,,
Q2618680,Ranko Ostojić,Ranko Ostojić,,,Ranko Ostojić,,,Ranko Ostojić,Ranko Ostojić,Ranko Ostojić,Ranko Ostojić,,,Ranko Ostojić,,Ranko Ostojić,Ranko Ostojić,Ranko Ostojić,Ranko Ostojić,Ranko Ostojić,,https://upload.wikimedia.org/wikipedia/commons/a/a4/R_ostojic.jpg,male,politician,,1962-10-03,/m/05zn5cf,,Ranko Ostojić,,,,"Остоич, Ранко",Ранко Остоїч,Ranko Ostojić,Ranko Ostojić,Ranko Ostojić,Ranko Ostojić,"Остоич, Ранко",Ранко Остоїч,,,,,,,,,,,,,,,,,,,,,,,,,,,,,,,,,,,,,,,,,,,,,,,,,,,,,,,,,,,,,,,,,,,,,,,,,,,,,,,,,,,,,,,,,,,,,,,,,,,,,,,,,,,,,,,,,,,,,,,,,,,,,,,,,,,,,,,,,,,,,,,,,,,,,,,,,,,,,,,,,,,,,,,,,,,,,
Q2619574,,Davor Božinović,,,Davor Božinović,,,Davor Božinović,Davor Božinović,,Davor Božinović,,,Davor Božinović,,Davor Božinović,,Davor Božinović,Davor Božinović,,,https://upload.wikimedia.org/wikipedia/commons/0/04/20_obljetnica_osnivanja_OS_RH_Davor_Bozinovic_26052011_2.jpg,male,politician,,1961-12-27,/m/0g5r9th,Davor,Davor Božinović,,,,Давор Божинович,Давор Божинович,,,,,"Божинович, Давор",Давор Божинович,,,,,,,,,,,,,,Category:Davor Božinović,,,,,,,,,,,,,,,,,,,,,,,,,,,,,,,,,,,,,,,,,,,,,,,,,,,,,,,,,,,,,,,,,,,,,,,,,,,,,,,,,,,,,,,,,,,,,,,,,,,,,,,,,,,,,,,,,,,,,,,,,,,,,,,,,,,,,,,,,,,,,,,,,,,,,,,,,,,,,,,
Q2620544,Dražen Bošnjaković,Dražen Bošnjaković,,,Dražen Bošnjaković,,,Dražen Bošnjaković,Dražen Bošnjaković,,Dražen Bošnjaković,,,Dražen Bošnjaković,,Dražen Bošnjaković,,Dražen Bošnjaković,Dražen Bošnjaković,Dražen Bošnjaković,,,male,politician,,1961-01-06,/m/0cmd7zc,Dražen,Dražen Bošnjaković,,,,Дражен Бошнякович,Дражен Бошнякович,,,,,"Бошнякович, Дражен",Дражен Бошнякович,,,,,,,,,,,Dražen Bošnjaković,,,,,Dražen Bošnjaković,,,,,,,,,,,,,,,,,,,,,,,,,,,,,,,,,,,,,,,,,,,,,,,,,,,,,,,,,,,,,,,,,,,,,,,,,,,,,,,,,,,,,,,,,,,,,,,,,,,,,,,,,,,,,,,,,,,,,,,,,,,,,,,,,,,,,,,,,,,,,,,,,,,,,,,,,,,,,
Q266812,Ivan Šuker,Ivan Šuker,,,Ivan Šuker,Ivan Šuker,,Ivan Šuker,Ivan Šuker,Ivan Šuker,Ivan Šuker,,,Ivan Šuker,Ivan Šuker,Ivan Šuker,Ivan Šuker,Ivan Šuker,Ivan Šuker,Ivan Šuker,,https://upload.wikimedia.org/wikipedia/commons/d/df/Ivan_Šuker.jpg,male,economist,,1957-11-12,/m/04zvrbp,Ivan,Ivan Šuker,,,,,Іван Шукер,,,,,,Іван Шукер,,,,,,,,,,,Ivan Šuker,,,,,Ivan Šuker,,,,,,,,,,,Ivan Šuker,,,,,,,,,,,,,,,,,,,,,,,,,,,,,,,,,,,,,,,,,,,,,,,,,,,,,,,,,,,,,,,,,,,,,,,,,,,,,,,,,,,,,,,,,,,,,,,,,,,Ivan Šuker,,,,,,,Ivan Šuker,,,,,,,,,,,,,,,,,,,,,,,,,,,,,,,,,,,,,,,,
Q2986845,Milanka Opačić,Milanka Opačić,Milanka Opačić,Миланка Опачић,Milanka Opačić,,Миланка Опачић,Milanka Opačić,Milanka Opačić,Milanka Opačić,Milanka Opačić,,,Milanka Opačić,,Milanka Opačić,Milanka Opačić,Milanka Opačić,Milanka Opačić,Milanka Opačić,Миланка Опачић,https://upload.wikimedia.org/wikipedia/commons/9/9b/M_opacic.jpg,female,politician,,1968-04-17,/m/0cp0b_2,,Миланка Опачић,,,,"Опачич, Миланка",Міланка Опачич,,,,,"Опачич, Миланка",Міланка Опачич,,,,,,,,,,,,,,,,,,,,,,,,,,,,,,,,,,,,,,,,,,,,,,,,,,,,,,,,,,,,,,,,,,,,,,,,,,,,,,,,,,,,,,,,,,,,,,,,,,,,,,,,,,,,,,,,,,,,,,,,,,,,,,,,,,,,,,,,,,,,,,,,,,,,,,,,,,,,,,,,,,,,,,,,,,,,,
Q3109021,Ivan Jakovčić,Ivan Jakovčić,,,Ivan Jakovčić,,Иван Јаковчић,Ivan Jakovčić,Ivan Jakovčić,Ivan Jakovčić,Ivan Jakovčić,,,Ivan Jakovčić,Ivan Jakovčić,Ivan Jakovčić,Ivan Jakovčić,Ivan Jakovčić,Ivan Jakovčić,Ivan Jakovčić,Иван Јаковчић,https://upload.wikimedia.org/wikipedia/commons/f/f0/16_obljetnica_vojnoredarstvene_operacije_Oluja_04082011_Ivan_Jakovcic_863.jpg,male,politician,,1957-11-15,/m/0b76zm_,Ivan,Иван Јаковчић,Ivan Jakovčić,Ivan Jakovčić,124754,,,,,,,,,,,,,,,,,,,,,,,,,,,,,,,,,,,,,,,,,,,,,,,,,,,,,,,,,,,,,,,,,,,,,,,,,,,,,,,,,,,,,,,,,,,,,,,,,,,,,,,,,,,,,,,,,,,,,,,,,,,,,,,,,,,,,,,,,,,,,,,,,,,,,,,,,,,,,,,,,,,,,,,,,,,,,,,,,,,,,
Q3441723,Jozo Radoš,Jozo Radoš,,,Jozo Radoš,,,Jozo Radoš,Jozo Radoš,Jozo Radoš,Jozo Radoš,,,Jozo Radoš,Jozo Radoš,Jozo Radoš,Jozo Radoš,Jozo Radoš,Jozo Radoš,Jozo Radoš,,https://upload.wikimedia.org/wikipedia/commons/7/78/Jozo_Rados_Svecanost_podizanja_NATOve_zastave_Zagreb_13.jpg,male,politician,,1956-11-03,/m/02rw0f_,,Jozo Radoš,,,112753,,,,,,,,,,,,4028,,,,,,,Jozo Radoš,,,,,Jozo Radoš,,,,,,,,,,,,,,,,,,,,,,,,,,,,,,,,,,,,,,,,,,,,,,,,,,,,,,,,,,,,,,,,,,,,,,,,,,,,,,,,,,,,,,,,,,,,,,,,,,,,,,,,,,,,,,,,,,,,,,,,,,,,,,,,,,,,,,,,,,,,,,,,,,,,,,,,,,,,,
Q3443168,Neven Mimica,Neven Mimica,Neven Mimica,Невен Мимица,Neven Mimica,Neven Mimica,Невен Мимица,Neven Mimica,Neven Mimica,Neven Mimica,Neven Mimica,Neven Mimica,ネヴェン・ミミツァ,Neven Mimica,Neven Mimica,Neven Mimica,Neven Mimica,Neven Mimica,Neven Mimica,Neven Mimica,Невен Мимица,https://upload.wikimedia.org/wikipedia/commons/e/ee/N_mimica.jpg,male,politician,,1953-10-12,/m/0b75g41,Neven,Невен Мимица,Neven Mimica,Neven Mimica,,"Мимица, Невен",Невен Міміка,Neven Mimica,Neven Mimica,Neven Mimica,Neven Mimica,"Мимица, Невен",Невен Міміца,,聶文·米米卡,,,Neven Mimica,Neven Mimica,Neven Mimica,Neven Mimica,,Neven Mimica,,,,Category:Neven Mimica,,,,,,http://ec.europa.eu/commission_2010-2014/mimica/index_en.htm,,,,,,,,,,,,,,,,,,,,,,,,,,,,,,,,,,,,,,,,,,,,,,,,,,,,,,,,,,,,,,,,,,,,,,,,,,,,,,,,,,,,,,,Neven Mimica,,,,,,,,Neven Mimica,,,,,,,,Невен Мимица,,Невен Мимица,Neven Mimica,vja7bf4bx5ng,,,,,,,,,,,,,,,,,,,,,,,,,,,,,,,,,,,,,,,,,,,,,,
Q3446032,Željko Jovanović,Željko Jovanović,Željko Jovanović,Жељко Јовановић,Željko Jovanović,,Жељко Јовановић,,Željko Jovanović,Željko Jovanović,Željko Jovanović,,,Željko Jovanović,Željko Jovanović,Željko Jovanović,Željko Jovanović,Željko Jovanović,,Željko Jovanović,Жељко Јовановић,https://upload.wikimedia.org/wikipedia/commons/2/25/Z_jovanovic.jpg,male,politician,305570498,1965-11-26,/m/0hr7l4f,Željko,Жељко Јовановић,,,,,,,,,,,,,,,,,,,,Željko Jovanović,,,,,,,,,,,,,,,,,,,,,,,,,,,,,,,,,,,,,,,,,,,,,,,,,,,,,,,,,,,,,,,,,,,,,,,,,,,,,,,,,,,,,,Jovanović,,,,,,,,,,,,,,,,,,,,,,,,,,,,,,,,,,,,,Autor:Željko Jovanović,,,,,,,,,,,,,,,,,,,,,,,,,,,,,,,,,,,,,,,,,
Q393673,Željko Kerum,Željko Kerum,,,Željko Kerum,Željko Kerum,,Željko Kerum,Željko Kerum,Željko Kerum,Željko Kerum,Željko Kerum,,Željko Kerum,Željko Kerum,Željko Kerum,,Željko Kerum,Željko Kerum,Željko Kerum,,,male,entrepreneur,308697860,1960-09-25,/m/05z_rnk,Željko,Željko Kerum,Željko Kerum,,,,,Željko Kerum,Željko Kerum,,,,,Željko Kerum,,,,Željko Kerum,Željko Kerum,Željko Kerum,Željko Kerum,,,Željko Kerum,,,,,,,,,,,Željko Kerum,Željko Kerum,Željko Kerum,Željko Kerum,Željko Kerum,Željko Kerum,Željko Kerum,Željko Kerum,Željko Kerum,Željko Kerum,Željko Kerum,Željko Kerum,Željko Kerum,Željko Kerum,Željko Kerum,Željko Kerum,Željko Kerum,Željko Kerum,Željko Kerum,Željko Kerum,Željko Kerum,Željko Kerum,Željko Kerum,Željko Kerum,Željko Kerum,Željko Kerum,Željko Kerum,Željko Kerum,Željko Kerum,Željko Kerum,Željko Kerum,Željko Kerum,Željko Kerum,Željko Kerum,Željko Kerum,Željko Kerum,Željko Kerum,Željko Kerum,Željko Kerum,,,,,,,,,,,,,,,,,,,,,,,,,,,,,,,,,,,,,,,,,,,,,,,,,,,,,,,,,,,,,,,,,,,,,,,,,,,,,,,,,,,,,,,,,,,,,,,,,,,,,,,,,,,,,,,,,
Q4846291,Željko Reiner,Željko Reiner,,,Željko Reiner,,,Željko Reiner,Željko Reiner,Željko Reiner,Željko Reiner,,,Željko Reiner,Željko Reiner,Željko Reiner,Željko Reiner,Željko Reiner,Željko Reiner,Željko Reiner,,https://upload.wikimedia.org/wikipedia/commons/5/58/Reiner_zeljko.jpg,male,politician,305473007,1953-05-28,,Željko,Željko Reiner,,,,,Желько Райнер,,,,,,Желько Райнер,,澤利科·雷伊奈爾,,,,,,,,,Željko Reiner,Željko Reiner,Željko Reiner,,Željko Reiner,Željko Reiner,Željko Reiner,,,,n2015007596,,,,,,,,,,,,,,,,,,,,,,,,,,,,,,,,,,,,,,,,,,,,,,,,,,,,,,,,,,,,,,,,,,,,,,,,,,,,,,,,,,,,,,,,,,,,,,,,,,,,,,,,,,,Željko Reiner,Željko Reiner,,,,,,,,,,,,,,,,,,,,,,,,,,,,,,,,,,,,,,,,,,,,
Q4953093,,Božo Ljubić,,,Božo Ljubić,,,,Božo Ljubić,Božo Ljubić,Božo Ljubić,,,Božo Ljubić,,Božo Ljubić,,Božo Ljubić,,,,https://upload.wikimedia.org/wikipedia/commons/e/e8/Ljubić_Božo_2.jpg,male,politician,,1949-09-30,,Božo,Božo Ljubić,,,,,,,,,,,,,,,,,,,,Božo Ljubić,,,,,,,,,,,,,,,,,,,,,,,,,,,,,,,,,,,,,,,,,,,,,,,,,,,,,,,,,,,,,,,,,,,,,,,,,,,,,,,,,,,,,,,,,,,,,,,,,,,,,,,,,,,,,,,,,,,,,,,,,,,,,,,,,,,,,,,,,,,,,,,,,,,,,,,,,,,,,,,,,,,,
Q4957466,Branko Hrg,Branko Hrg,,,Branko Hrg,,,Branko Hrg,Branko Hrg,Branko Hrg,Branko Hrg,,,Branko Hrg,,Branko Hrg,,Branko Hrg,Branko Hrg,Branko Hrg,,,male,politician,,1961-09-26,/m/0j24ndb,Branko,Branko Hrg,,,,,Бранко Хрг,,,,,,Бранко Хрг,,,,,,,,,,,,,,,,,,,,http://brankohrg.com/,,,,,,,,,,,,,,,,,,,,,,,,,,,,,,,,,,,,,,,,,,,,,,,,,,,,,,,,,,,,,,,,,,,,,,,,,,,,,,,,,,,,,,,,,,,,,,,,,,,,,,,,,,,,,,,,,,,,,,,,,,,,,,,,,,,,,,,,,,,,,,,,,,,,,,,,,
Q5222809,Darinko Kosor,Darinko Kosor,,,Darinko Kosor,,,Darinko Kosor,Darinko Kosor,Darinko Kosor,Darinko Kosor,,,Darinko Kosor,Darinko Kosor,Darinko Kosor,,Darinko Kosor,Darinko Kosor,Darinko Kosor,,,male,politician,,1965,,,Darinko Kosor,,,,,,,,,,,,,,,,Darinko Kosor,,,,,,,,,,,,,,,,,,,,,,,,,,,,,,,,,,,,,,,,,,,,,,,,,,,,,,,,,,,,,,,,,,,,,,,,,,,,,,,,,,,,,,,,,,,,,,,,,,,,,,,,,,,,,,,,,,,,,,,,,,,,,,,,,,,,,,,,,,,,,,,,,,,,,,,,,,,,,,,,,,,,,,,,
Q5223754,Darko Milinović,Darko Milinović,,,Darko Milinović,,,Darko Milinović,Darko Milinović,,Darko Milinović,,,Darko Milinović,,Darko Milinović,,Darko Milinović,Darko Milinović,Darko Milinović,,https://upload.wikimedia.org/wikipedia/commons/e/e4/Darko_Milinović_25-06-09.jpg,male,politician,,1963-04-25,,Darko,Darko Milinović,,,,,,,,,,,,,,,,,,,,,,,,,,,,,,,,,,,,,,,,,,,,,,,,,,,,,,,,,,,,,,,,,,,,,,,,,,,,,,,,,,,,,,,,,,,,,,,,,,,,,,,,,,,,,,,,,,,,,,,,,,,,,,,,,,,,,,,,,,,,,,,,,,,,,,,,,,,,,,,,,,,,,,,,,,,,,,,,,,,,,,,,
Q5242086,Davor Bernardić,Davor Bernardić,,,Davor Bernardić,,,,Davor Bernardić,Davor Bernardić,Davor Bernardić,,,Davor Bernardić,,Davor Bernardić,,,,Davor Bernardić,,https://upload.wikimedia.org/wikipedia/commons/b/b6/Davor_Bernardić.png,male,politician,,1980-01-05,,Davor,Davor Bernardić,,,,,,,,,,,,,,,,,,,,,,,,,,,,,,,,,,,,,,,,,,,,,,,,,,,,,,,,,,,,,,,,,,,,,,,,,,,,,,,,,,,,,,,,,,,,,,,,,,,,,,,,,,,,,,,,,,,,,,,,,,,,,,,,,,,,,,,,,,,,,,,,,,,,,,,,,,,,,,,,,,,,,,,,,,,,,,,,,,,,,,,,
Q571574,Ante Kotromanović,Ante Kotromanović,,,Ante Kotromanović,,,Ante Kotromanović,Ante Kotromanović,Ante Kotromanović,Ante Kotromanović,,,Ante Kotromanović,Ante Kotromanović,Ante Kotromanović,Ante Kotromanović,Ante Kotromanović,Ante Kotromanović,Ante Kotromanović,,https://upload.wikimedia.org/wikipedia/commons/5/50/A_kotromanovic.jpg,male,politician,,1968-05-08,/m/0j7jddr,Ante,Ante Kotromanović,Ante Kotromanović,,,"Котроманович, Анте",Анте Котроманович,,,,,"Котроманович, Анте",Анте Котроманович,,,,,,Ante Kotromanović,Ante Kotromanović,Ante Kotromanović,,,,,,,,,,,,,,,,,,,,,,,,,,,,,,,,,,,,,,,,,,,,,,,,,,,,,,,,,,,,,,,,,,,,,,,,,,,,,,,,,,,,,,,,,,,,,,,,,,,,,,,,,,,,,,,,,,,,,,,,,,,,,,,,,,,,,,,,,,,,,,,,,,,,,,,,,,,,,,,,,,,,,
Q57611,Jadranka Kosor,Jadranka Kosor,,,Jadranka Kosor,Jadranka Kosor,Јадранка Косор,Jadranka Kosor,Jadranka Kosor,Jadranka Kosor,Jadranka Kosor,Jadranka Kosor,ヤドランカ・コソル,Jadranka Kosor,Jadranka Kosor,Jadranka Kosor,Jadranka Kosor,Jadranka Kosor,Jadranka Kosor,Jadranka Kosor,Јадранка Косор,https://upload.wikimedia.org/wikipedia/commons/e/ed/Jadranka_Kosor_2009.jpg,female,journalist,,1953-07-01,/m/04ng76,Jadranka,Јадранка Косор,Jadranka Kosor,Jadranka Kosor,,"Косор, Ядранка",Ядранка Косор,Jadranka Kosorová,Jadranka Kosor,Jadranka Kosorová,Jadranka Kosor,"Косор, Ядранка",Ядранка Косор,Jadranka Kosor,亚德兰卡·科索尔,Jadranka Kosor,,Jadranka Kosor,Jadranka Kosor,Jadranka Kosor,Jadranka Kosor,,Jadranka Kosor,Jadranka Kosor,Jadranka Kosor,,,Jadranka Kosor,Jadranka Kosor,,亚德兰卡·科索尔,,,,,,,,,,Jadranka Kosor,,,Jadranka Kosor,Jadranka Kosor,,,,Jadranka Kosor,,,Jadranka Kosor,,,,,,,,,,Jadranka Kosor,,,,,,Jadranka Kosorová,Jadranka Kosor,Jadranka Kosor,,,,,,,یادرانکا کوسور,,,,,,,,,,Jadranka Kosor,,,,,,,,,Jadranka Kosor,,,,,,,,,,,یادرانکا کوسور,,Ядранка Косар,Ядранка Косар,يادرانكا كوسور,Γιάντρανκα Κόσορ,,Hadriana Kosor,,يادرانكا كوسور,,Γιάντρανκα Κόσορ,Jadranka Kosor,Jadranka Kosor,,,,,Hadriana Kosor,Jadranka Kosor,,Jadranka Kosor,Jadranka Kosor,,Jadranka Kosor,,,,Јадранка Косор,Ядранка Косор,,Ядранка Косор,Jadranka Kosor,,,,,Jadranka Kosor,,,ヤドランカ・コソル,,Jadranka Kosor,야드란카 코소르,Jadranka Kosor,Ядранка Косор,Ядранка Косар,იადრანკა კოსორი,Ядранка Косар,Jadranka Kosor,Jadranka Kosor,Jadranka Kosor,Jadranka Kosor,იადრანკა კოსორი,야드란카 코소르,Ядранка Косор,Jadranka Kosor,Jadranka Kosorová,Jadranka Kosor,Jadranka Kosor,Jadranka Kosor,biography/Jadranka-Kosor,,,,,,,,,,,,,,,,,,
Q57687,Zoran Milanović,Zoran Milanović,,,Zoran Milanović,Zoran Milanović,Зоран Милановић,Zoran Milanović,Zoran Milanović,Zoran Milanović,Zoran Milanović,Zoran Milanović,ゾラン・ミラノヴィッチ,Zoran Milanović,Zoran Milanović,Zoran Milanović,Zoran Milanović,Zoran Milanović,Zoran Milanović,Zoran Milanović,Зоран Милановић (политичар),https://upload.wikimedia.org/wikipedia/commons/a/aa/16_obljetnica_vojnoredarstvene_operacije_Oluja_04082011_Zoran_Milanovic_38.jpg,male,politician,277708121,1966-10-30,/m/02rj3p1,Zoran,Зоран Милановић (политичар),Zoran Milanović,Zoran Milanović,,Зоран Миланович,Зоран Міланович,Zoran Milanović,Zoran Milanović,Zoran Milanović,Zoran Milanović,"Миланович, Зоран",Зоран Міланович,Zoran Milanović,佐兰·米拉诺维奇,Zoran Milanović,,Zoran Milanović,Zoran Milanović,Zoran Milanović,Zoran Milanović,Zoran Milanović,Zoran Milanović,,Zoran Milanović,,Category:Zoran Milanović,Zoran Milanović,,,佐兰·米拉诺维奇,1027200524,,nb2012019791,,,,,,,Zoran Milanović,,,Zoran Milanović,,,,,,,,Zoran Milanović,,,Zoran Milanović,,,,,,,Zoran Milanović,,,,,,,,Zoran Milanović,,,,,,,زوران میلانوویچ,,,,,,,,,Zoran Milanović,,,,,,,,,,Zoran Milanović,,,Zoran Milanović,,,Zoran Milanović,,,,,زوران میلانوویچ,Milanović,Зоран Міланавіч,Зоран Міланавіч,زوران ميلانوفيتش,Ζόραν Μιλάνοβιτς,זוראן מילנוביץ',Zoran Milanović,Զորան Միլանովիչ,زوران ميلانوفيتش,Zoran Milanović,Ζόραν Μιλάνοβιτς,Zoran Milanović,Zoran Milanović,זוראן מילנוביץ',Zoran Milanović,Զորան Միլանովիչ,Zoran Milanović,Zoran Milanović,Zoran Milanović,Zoran Milanović,Zoran Milanović,Zoran Milanović,Zoran Milanović,Zoran Milanović,Zoran Milanović,00000028994,,,,,,,,,,,,,,,,,,,,,,,,,,,,,,,,,,,,,,,,,,,,,,,,,,,,,
Q58191,Vesna Pusić,Vesna Pusić,,,Vesna Pusić,Vesna Pusić,Весна Пусић,Vesna Pusić,Vesna Pusić,Vesna Pusić,Vesna Pusić,Vesna Pusić,,Vesna Pusić,Vesna Pusić,Vesna Pusić,Vesna Pusić,Vesna Pusić,Vesna Pusić,Vesna Pusić,Весна Пусић,https://upload.wikimedia.org/wikipedia/commons/2/2d/20_obljetnica_osnivanja_OS_RH_Vesna_Pusic_26052011_2.jpg,female,politician,66032720,1953-03-25,/m/050x_l,Vesna,Весна Пусић,Vesna Pusić,Vesna Pusić,,"Пусич, Весна",Весна Пусич,,,,,"Пусич, Весна",Весна Пусич,,,,4373,Vesna Pusić,,,,,Vesna Pusić,,Vesna Pusić,,Category:Vesna Pusić,Vesna Pusić,,,,,http://vesna-pusic.hns.hr/,no91010322,,,,,,Vesna Pusić,Vesna Pusić,,,,,,,,,,,,,,,,,,,,,,,,,,,,,,,,,,,,,,,,,,,,,,,,,,,,,,,Vesna Pusić,,,,,,,,,,,,,,,فيسنا بوسيتش,,,Vesna Pusić,,فيسنا بوسيتش,,,,Vesna Pusić,,,,,Vesna Pusić,,,,,,,,,,,Весна Пусич,,Весна Пусич,Vesna Pusić,,,,Vesna Pusić,Vesna Pusić,,,,,,베스나 푸시치,,,,ვესნა პუსიჩი,,,,,,ვესნა პუსიჩი,베스나 푸시치,,,,,,,,韋斯娜·皮習克,韦斯娜·皮习克,,,,,,,,,,,,,,,,
Q6290886,,Josip Kregar,,,,,,,,Josip Kregar,Josip Kregar,,,Josip Kregar,,Josip Kregar,,,,,,,male,lawyer,,1953-01-01,,Josip,Josip Kregar,,,,,,,,,,,,,,,,,,,,,,,,,,,,,,,,,,,,,,,,,,,,,,,,,,,,,,,,,,,,,,,,,,,,,,,,,,,,,,,,,,,,,,,,,,,,,,,,,,,,,,,,,,,,,,,,,,,,,,,,,,,,,,,,,,,,,,,,,,,,,,,,,,,,,,,,,,,,,,,,,,,,,,,,,,,,,,,,,,,,,,,,
Q6379,Sandra Perković,Sandra Perković,,,Sandra Perković,Sandra Perković,Сандра Перковић,Sandra Perković,Sandra Perković,Sandra Perković,Sandra Perković,,サンドラ・ペルコビッチ,Sandra Perković,Sandra Perković,Sandra Perković,Sandra Perković,Sandra Perković,Sandra Perković,Sandra Perković,Сандра Перковић,https://upload.wikimedia.org/wikipedia/commons/a/ab/Sandra_Perković_Doha_2015.jpg,female,athletics competitor,,1990-06-21,/m/07kgp60,Sandra,Sandra Perković,Sandra Perković,Sandra Perković,,Сандра Перкович,Сандра Перкович,Sandra Perkovićová,Sandra Perković,Sandra Perkovićová,Sandra Perković,"Перкович, Сандра",Сандра Перкович,Sandra Perković,桑德拉·佩尔科维奇,Sandra Perković,,Sandra Perković,Sandra Perković,Sandra Perković,Sandra Perković,,Sandra Perković,,,,Category:Sandra Perković,,,,桑德拉·佩尔科维奇,,,,,,,,,Sandra Perković,Sandra Perković,,,,,,,,Sandra Perković,,,,,,,Sandra Perković,,,,,,Sandra Perković,,,,,,,,Sandra Perković,,,,,,,ساندرا پرکویچ,,,,Sandra Perković,Sandra Perković,,,,Sandra Perković,,,,,Sandra Perkoviča,,,,,Sandra Perković,,,Sandra Perković,,,,,,,,ساندرا پرکویچ,,,,,Σάντρα Πέρκοβιτς,סנדרה פרקוביץ',,,,,Σάντρα Πέρκοβιτς,,Sandra Perković,סנדרה פרקוביץ',,,,,,,Sandra Perković,Sandra Perković,,Sandra Perković,,,,Сандра Перковиќ,Сандра Перкович,,Сандра Перкович,Sandra Perković,,,,,,,Sandra Perković,サンドラ・ペルコビッチ,,,,,Сандра Перкович,,,,,,,,,,Сандра Перкович,Sandra Perković,,,,,,,,,,,sandraperkovicfanpage,সান্দ্রা পার্কোভিচ,সান্দ্রা পার্কোভিচ,Sandra Perković,Sandra Perkoviča,Сандра Перковиќ,Sandra Perković,226369,perkovicsandra,,,,
Q7104130,,Orsat Miljenić,,,,,Орсат Миљенић,Orsat Miljenić,Orsat Miljenić,Orsat Miljenić,,,,Orsat Miljenić,,Orsat Miljenić,Orsat Miljenić,,Orsat Miljenić,,Орсат Миљенић,https://upload.wikimedia.org/wikipedia/commons/e/e3/O_miljanic.jpg,male,politician,,1968-09-15,,,Orsat Miljenić,,,,,,,,,,,,,,,,,,,,,,,,,,,,,,,,,,,,,,,,,,,,,,,,,,,,,,,,,,,,,,,,,,,,,,,,,,,,,,,,,,,,,,,,,,,,,,,,,,,,,,,,,,,,,,,,,,,,,,,,,,,,,,,,,,,,,,,,,,,,,,,,,,,,,,,,,,,,,,,,,,,,,,,,,,,,,,,,,,,,,,,,
Q7286273,Rajko Ostojić,Rajko Ostojić,,,Rajko Ostojić,,,,Rajko Ostojić,Rajko Ostojić,Rajko Ostojić,,,Rajko Ostojić,,Rajko Ostojić,Rajko Ostojić,Rajko Ostojić,,Rajko Ostojić,,https://upload.wikimedia.org/wikipedia/commons/5/55/Rajko_Ostojic.jpg,male,politician,,1962-02-19,,Rajko,Rajko Ostojić,,,,,,,,,,,,,,,,,,,,,,,,,,,,,,,,,,,,,,,,,,,,,,,,,,,,,,,,,,,,,,,,,,,,,,,,,,,,,,,,,,,,,,,,,,,,,,,,,,,,,,,,,,,,,,,,,,,,,,,,,,,,,,,,,,,,,,,,,,,,,,,,,,,,,,,,,,,,,,,,,,,,,,,,,,,,,,,,,,,,,,,,
Q7938757,Vladimir Šišljagić,Vladimir Šišljagić,,,Vladimir Šišljagić,,,,Vladimir Šišljagić,Vladimir Šišljagić,,,,Vladimir Šišljagić,,Vladimir Šišljagić,,Vladimir Šišljagić,,Vladimir Šišljagić,,,male,politician,,1957,,Vladimir,Vladimir Šišljagić,,,,,,,,,,,,,,,,,,,,,,,,,,,,,,,,,,,,,,,,,,,,,,,,,,,,,,,,,,,,,,,,,,,,,,,,,,,,,,,,,,,,,,,,,,,,,,,,,,,,,,,,,,,,,,,,,,,,,,,,,,,,,,,,,,,,,,,,,,,,,,,,,,,,,,,,,,,,,,,,,,,,,,,,,,,,,,,,,,,,,,,,
Q893812,Boris Šprem,Boris Šprem,,,Boris Šprem,Boris Šprem,Борис Шпрем,Boris Šprem,Boris Šprem,Boris Šprem,Boris Šprem,Boris Šprem,,Boris Šprem,Boris Šprem,Boris Šprem,,Boris Šprem,Boris Šprem,Boris Šprem,Борис Шпрем,https://upload.wikimedia.org/wikipedia/commons/2/2b/Boris_Sprem_Zagreb_15012012_2.jpg,male,politician,,1956-04-14,/m/0hrh0y6,Boris,Борис Шпрем,,,,"Шпрем, Борис",Борис Шпрем,,,,,"Шпрем, Борис",Борис Шпрем,,,,,,,,,,,,,,,,,,,,,,,,,,,,,,,,,,,,,,,,,,,,,,,,,Boris Šprem,,,,,,,,,,,,,,,,,,,,,,,,,,,,,,,,,,,,,,,,,,,,,,,,,,,,,,,,,,Boris Šprem,,,,,,,,,Boris Šprem,,,,,2012-09-30,,,,,,,,,,,,,,,,,,,,,,,,,,,,,,,,,,,,,,,,,,,,,,,,,,,,
Q898543,Branimir Glavaš,Branimir Glavaš,,,Branimir Glavaš,Branimir Glavaš,Бранимир Главаш,Branimir Glavaš,Branimir Glavaš,Branimir Glavaš,Branimir Glavaš,Branimir Glavaš,ブラニミル・グラヴァシュ,Branimir Glavaš,Branimir Glavaš,Branimir Glavaš,Branimir Glavaš,Branimir Glavaš,Branimir Glavaš,Branimir Glavaš,Бранимир Главаш,https://upload.wikimedia.org/wikipedia/commons/5/57/Branimir_Glavaš.jpg,male,politician,266906757,1956-09-23,/m/06krmc,Branimir,Branimir Glavaš,,,,,Бранимир Главаш,,,,,,Бранимир Главаш,,,,,,,,,,,Branimir Glavaš,,,,,Branimir Glavaš,,,1013538781,,n94054302,,,,,,,,,,,,,,,,,,,,,,,,,,,,,,,,,,,,,,,,,,,,,,,,,,,,,,,,,,,,,,,,,,,,,,,,,,,,,,,,,,,,,,,,,,,,,,,,,,,,,,,,,,,,,,,,,,,,,,,,,,,,,,,,,,,,,,,,,,,,,,,,,,,,,,,,
Q898723,Branko Vukelić,Branko Vukelić,,,Branko Vukelić,Branko Vukelić,Бранко Вукелић,Branko Vukelić,Branko Vukelić,Branko Vukelić,Branko Vukelić,Branko Vukelić,,Branko Vukelić,Branko Vukelić,Branko Vukelić,Branko Vukelić,Branko Vukelić (ministar),Branko Vukelić,Branko Vukelić,,https://upload.wikimedia.org/wikipedia/commons/6/6c/Svecanost_podizanja_NATOve_zastave_Zagreb_63.jpg,male,politician,,1958-03-09,/m/04f1fp_,Branko,Branko Vukelić,Branko Vukelić,,,Бранко Вукелич,Бранко Вукелич,,,,,"Вукелич, Бранко",Бранко Вукелич,,布兰科·武凯利奇,,,,Branko Vukelić,Branko Vukelić,Branko Vukelić,,,Branko Vukelić,,,,,Branko Vukelić,,布兰科·武凯利奇,,,,,,,,,,,,Branko Vukelić,,,,,,,,,,,,,,,,,,,,,,,,,,,,,,,,,,برانکو ووکلیچ,,,,,,,,,,,,,,,,,,,,,,,,,,,,,,برانکو ووکلیچ,,,,,,,,,,,,,Branko Vukelić,,,,,,,,,,,,,,2013-05-03,,,,,,,,,,,,,,,,,,,,,,,,,,,,,,,,,,,,,,,,,,,,,,,,,,,,
Q928356,Miroslav Tuđman,Miroslav Tuđman,,,Miroslav Tuđman,Miroslav Tuđman,,Miroslav Tuđman,Miroslav Tuđman,Miroslav Tuđman,Miroslav Tuđman,,,Miroslav Tuđman,Miroslav Tuđman,Miroslav Tuđman,,Miroslav Tuđman,Miroslav Tuđman,Miroslav Tuđman,,,male,sociologist,21016543,1946-05-25,/m/09gpd40,Miroslav,Miroslav Tuđman,,,,Мирослав Туджман,,Miroslav Tuđman,,,,,,,,,,,Miroslav Tuđman,,,,,,,,,,,,,1046981528,http://www.miroslav-tudjman.com/,n82002292,,,,,,,,,,,,,,,,,,,,,,,,,,,,,,,,,,Miroslav Tuđman,,,,,,077286677,1451181,,,,,,,,,,,,,,,,,,,,,,,,,,,,,,,,,,,,,,,,,,,,,,,,,,,,,,,,,,,,,,,,,,,,,,,,,,,,,,,,,,,,,,,,,,,,,,,,,,,,,,,,,,,,,,,
Q933740,Tomislav Karamarko,Tomislav Karamarko,Tomislav Karamarko,Томислав Карамарко,Tomislav Karamarko,Tomislav Karamarko,Томислав Карамарко,Tomislav Karamarko,Tomislav Karamarko,Tomislav Karamarko,Tomislav Karamarko,Tomislav Karamarko,トミスラヴ・カラマルコ,Tomislav Karamarko,Tomislav Karamarko,Tomislav Karamarko,Tomislav Karamarko,Tomislav Karamarko,Tomislav Karamarko,Tomislav Karamarko,Томислав Карамарко,https://upload.wikimedia.org/wikipedia/commons/9/9c/Tomislav_Karamarko_2009.JPG,male,politician,277919982,1959-05-25,/m/0bm8hqx,Tomislav,Томислав Карамарко,Tomislav Karamarko,Tomislav Karamarko,,"Карамарко, Томислав",Томіслав Карамарко,,,,,"Карамарко, Томислав",Томіслав Карамарко,,托米斯拉夫·卡拉馬爾科,,,Tomislav Karamarko,Tomislav Karamarko,Tomislav Karamarko,Tomislav Karamarko,,Tomislav Karamarko,Tomislav Karamarko,Tomislav Karamarko,Tomislav Karamarko,Category:Tomislav Karamarko,Tomislav Karamarko,Tomislav Karamarko,Tomislav Karamarko,托米斯拉夫·卡拉馬爾科,1027207340,http://www.tomislavkaramarko.hr/,,,,,,,,,,,,,,,,,,,,,,,,,,,,,,,,,,,,,,,,,,,,,,,,,,,,,,,,,,,,,,,,,,,,,,,,,,,,,,,,,,,,,,,,,,,,,,,,,,,,,,,,,,,,,,,,,,,,,,,,,,,,,,,,,,,,,,,,,,,,,,,,,,,,,,,,,
